{"accuracy": [0.5927590727806091, 0.8609716296195984, 0.9157692790031433, 0.9386016130447388, 0.9554876089096069, 0.965232253074646, 0.9714488983154297, 0.9761860966682434, 0.9784764051437378, 0.9830998182296753], "loss": [1.3761663436889648, 0.4375837743282318, 0.262041836977005, 0.18544314801692963, 0.13565483689308167, 0.10627387464046478, 0.08833599090576172, 0.07341466099023819, 0.06401798129081726, 0.053179025650024414], "val_accuracy": [0.8440701365470886, 0.8979057669639587, 0.9455952644348145, 0.9504324793815613, 0.9523105025291443, 0.9486114382743835, 0.9622695446014404, 0.9587981104850769, 0.961586594581604, 0.9711472988128662], "val_loss": [0.49187132716178894, 0.32456421852111816, 0.1695472002029419, 0.1541781723499298, 0.15387727320194244, 0.1697898507118225, 0.12312566488981247, 0.13900427520275116, 0.1273173987865448, 0.10003358870744705]}